{
    "task": "slcp",
    "num_simulations": 10000,
    "max_epochs": 20,
    "actual_epochs": null,
    "run_number": 3,
    "coverage_stats": {
        "mean": 0.7010000036656856,
        "median": 0.7325000166893005,
        "min": 0.054999999701976776,
        "max": 1.0
    },
    "status": "completed"
}