{
    "task": "slcp",
    "num_simulations": 10000,
    "max_epochs": 50,
    "actual_epochs": null,
    "run_number": 2,
    "coverage_stats": {
        "mean": 0.68385000041686,
        "median": 0.7425000071525574,
        "min": 0.014999999664723873,
        "max": 1.0
    },
    "status": "completed"
}