{
    "task": "slcp",
    "num_simulations": 100000,
    "max_epochs": 20,
    "actual_epochs": null,
    "run_number": 1,
    "coverage_stats": {
        "mean": 0.5617000002600253,
        "median": 0.5824999809265137,
        "min": 0.029999999329447746,
        "max": 1.0
    },
    "status": "completed"
}