{
    "task": "slcp",
    "num_simulations": 10000,
    "max_epochs": 20,
    "actual_epochs": null,
    "run_number": 1,
    "coverage_stats": {
        "mean": 0.6466000003740191,
        "median": 0.6700000166893005,
        "min": 0.03500000014901161,
        "max": 1.0
    },
    "status": "completed"
}