{
    "task": "slcp",
    "num_simulations": 10000,
    "max_epochs": 100,
    "actual_epochs": null,
    "run_number": 3,
    "coverage_stats": {
        "mean": 0.6933500012010336,
        "median": 0.7475000023841858,
        "min": 0.08500000089406967,
        "max": 1.0
    },
    "status": "completed"
}