{
    "task": "slcp",
    "num_simulations": 100000,
    "max_epochs": 50,
    "actual_epochs": null,
    "run_number": 1,
    "coverage_stats": {
        "mean": 0.44149999901652337,
        "median": 0.3700000047683716,
        "min": 0.009999999776482582,
        "max": 1.0
    },
    "status": "completed"
}