{
    "task": "slcp",
    "num_simulations": 10000,
    "max_epochs": 50,
    "actual_epochs": null,
    "run_number": 3,
    "coverage_stats": {
        "mean": 0.7322000007797033,
        "median": 0.7800000011920929,
        "min": 0.004999999888241291,
        "max": 1.0
    },
    "status": "completed"
}