{
    "task": "slcp",
    "num_simulations": 10000,
    "max_epochs": 10,
    "actual_epochs": null,
    "run_number": 2,
    "coverage_stats": {
        "mean": 0.6385000011883676,
        "median": 0.7024999856948853,
        "min": 0.029999999329447746,
        "max": 1.0
    },
    "status": "completed"
}