{
    "task": "slcp",
    "num_simulations": 100000,
    "max_epochs": 50,
    "actual_epochs": null,
    "run_number": 3,
    "coverage_stats": {
        "mean": 0.5444999994244426,
        "median": 0.5475000143051147,
        "min": 0.014999999664723873,
        "max": 1.0
    },
    "status": "completed"
}